Length,Recency,log_Freq,log_MTotal,MQuality,CCost
0.45037004639861794,0.44510478918008406,0.506401715855843,0.48491717708423904,0.5553352374059075,0.5456838868697936
0.5848687555763553,0.7063635263224597,0.5317013987917119,0.6309844937667893,0.5151744489933163,0.6574766644559966
0.5724519127226911,0.6262661587541903,0.5276024545136375,0.5324083556067098,0.6451924412860985,0.5787188908465336
0.5760200316204784,0.6344460211082651,0.5941777271271567,0.575032600008589,0.6205702950564302,0.685610202697819
0.7770252334813647,0.3053485649596281,0.5712359421882829,0.5363540036367636,0.5855826629975184,0.6008063196043362
0.7875193450010997,0.5641051854077519,0.4741557826168174,0.5959450778623111,0.8322918409618997,0.8694160975647643
1.0207663483435951,1.0270537359000977,1.0644933019348597,1.0038345601759289,1.7903732686587261,1.2049362052211094
